biome_id,biome_name,room_count,room_ids,mood,lighting_profile,material_profile,landmark_rule,transition_targets
B01,Domestic Threshold,2,R01; R02,"Safe, warm, familiar; the emotional baseline before fantasy distortion.","Warm lamplight, soft practicals, minimal fog.","Painted wood, fabric, toys, paper, brass hardware.",Keep human-scale props oversized enough to read as memory anchors.,B02
B02,Moonlit Entry Woods,4,R03; R04; R05; R06,"First-contact dark fantasy; spooky but readable, with playful menace.","Cool moonlight, high silhouette contrast, sparse practical glow.","Dirt path, bark, rope, rough bridge boards, river stones.",Path should always read forward; bridge and customs trap are hero silhouettes.,B03
B03,Crossroads Clearing,2,R07; R08,"Orientation and decision-making; open, legible, slightly theatrical.",Balanced moonlit key with soft fill to preserve silhouettes.,"Packed earth, roots, sign-like path forks, lift hardware, mailbox details.",Darkness’s house must dominate the skyline from nearly every angle.,B02; B04; B06; B08
B04,River Shorelands,9,R09; R10; R11; R17; R18; R19; R20; R21; R25,"Broad horizontal exploration around dark water, driftwood, and moonlit banks.","Cool reflected water light, silver rimlight, occasional warm cabin/shack accents.","Water, dock timber, reeds, muddy banks, rope, bridge planks, weathered shack boards.",Water surface and shoreline shapes should do most of the navigational work.,B03; B05; B07
B05,Garden Grove,5,R12; R13; R14; R15; R16,Cultivated but eccentric garden hidden behind stern tree guardians.,Softer moonlight with denser foliage shadow and selective color accents from flowers/produce.,"Garden soil, trimmed hedges, vegetable rows, stone well ring, wooden fence fragments.",The well and carrot patch are the two anchor reads; flowers provide micro-color coding.,B04; B07; B09
B06,Industrial Mine Underworks,10,R26; R27; R28; R29; R30; R31; R32; R33; R34; R35,"Mechanical underworld with rails, utility nooks, lava danger, and hidden service routes.",Localized warm industrial glows inside otherwise dark volumes; strong value separation.,"Mine rock, metal rails, rust, timber braces, lava, utility meters, mine carts.",Track lines and service doors are the core wayfinding language.,B03; B09
B07,Wet Cavern Underworld,3,R22; R23; R24,"Subsurface hydro route beneath the river system: slick, echoing, vertical, alive.","Biased toward moisture sheen, bounce from water, and vent/glow accents at the geyser.","Wet stone, mineral streaks, foam, mist, slick ledges, vent deposits.","Use sound, mist, and moving water to pull the player toward exits.",B04; B05
B08,Canopy House Exterior,1,R36,Perched threshold between the open landscape and the giant tree-house interior.,Moonlit exterior platform with warm window spill from inside.,"Bark, rope, pulley hardware, plank platform, exterior lamp details.","The platform is a reveal vantage, not a destination plaza; keep the house façade dominant.",B03; B09
B09,Tree-House Interior,13,R37; R38; R39; R40; R41; R42; R43; R44; R45; R46; R47; R48; R49,"Starts domestic, becomes whimsical-surreal, and ends intimate/private.",Warm interior pools against dark negative space; upper rooms get stranger selective color.,"Interior wood, rugs, furniture, books, brass, laboratory glass, organ pipes, curtains.",Every floor needs one anchor object that reads from the entry sightline.,B05; B06; B08
